pais_ingles,grupo,id_pergunta,pergunta,resposta,porcentagem
Austria,Lesbian,b1_a,"In your opinion, how widespread is offensive language about lesbian, gay, bisexual and/or transgender people by politicians in the country where you live?",Very widespread,8
Austria,Lesbian,b1_a,"In your opinion, how widespread is offensive language about lesbian, gay, bisexual and/or transgender people by politicians in the country where you live?",Fairly widespread,34
Austria,Lesbian,b1_a,"In your opinion, how widespread is offensive language about lesbian, gay, bisexual and/or transgender people by politicians in the country where you live?",Fairly rare,45
Austria,Lesbian,b1_a,"In your opinion, how widespread is offensive language about lesbian, gay, bisexual and/or transgender people by politicians in the country where you live?",Very rare,9
Austria,Lesbian,b1_a,"In your opinion, how widespread is offensive language about lesbian, gay, bisexual and/or transgender people by politicians in the country where you live?",Don`t know,4
Austria,Gay,b1_a,"In your opinion, how widespread is offensive language about lesbian, gay, bisexual and/or transgender people by politicians in the country where you live?",Very widespread,4
Austria,Gay,b1_a,"In your opinion, how widespread is offensive language about lesbian, gay, bisexual and/or transgender people by politicians in the country where you live?",Fairly widespread,21
Austria,Gay,b1_a,"In your opinion, how widespread is offensive language about lesbian, gay, bisexual and/or transgender people by politicians in the country where you live?",Fairly rare,52
Austria,Gay,b1_a,"In your opinion, how widespread is offensive language about lesbian, gay, bisexual and/or transgender people by politicians in the country where you live?",Very rare,20
Austria,Gay,b1_a,"In your opinion, how widespread is offensive language about lesbian, gay, bisexual and/or transgender people by politicians in the country where you live?",Don`t know,4
Austria,Bisexual women,b1_a,"In your opinion, how widespread is offensive language about lesbian, gay, bisexual and/or transgender people by politicians in the country where you live?",Very widespread,9
Austria,Bisexual women,b1_a,"In your opinion, how widespread is offensive language about lesbian, gay, bisexual and/or transgender people by politicians in the country where you live?",Fairly widespread,29
Austria,Bisexual women,b1_a,"In your opinion, how widespread is offensive language about lesbian, gay, bisexual and/or transgender people by politicians in the country where you live?",Fairly rare,48
Austria,Bisexual women,b1_a,"In your opinion, how widespread is offensive language about lesbian, gay, bisexual and/or transgender people by politicians in the country where you live?",Very rare,9
Austria,Bisexual women,b1_a,"In your opinion, how widespread is offensive language about lesbian, gay, bisexual and/or transgender people by politicians in the country where you live?",Don`t know,6
Austria,Bisexual men,b1_a,"In your opinion, how widespread is offensive language about lesbian, gay, bisexual and/or transgender people by politicians in the country where you live?",Very widespread,5
Austria,Bisexual men,b1_a,"In your opinion, how widespread is offensive language about lesbian, gay, bisexual and/or transgender people by politicians in the country where you live?",Fairly widespread,20
Austria,Bisexual men,b1_a,"In your opinion, how widespread is offensive language about lesbian, gay, bisexual and/or transgender people by politicians in the country where you live?",Fairly rare,47
Austria,Bisexual men,b1_a,"In your opinion, how widespread is offensive language about lesbian, gay, bisexual and/or transgender people by politicians in the country where you live?",Very rare,20
Austria,Bisexual men,b1_a,"In your opinion, how widespread is offensive language about lesbian, gay, bisexual and/or transgender people by politicians in the country where you live?",Don`t know,9
Austria,Transgender,b1_a,"In your opinion, how widespread is offensive language about lesbian, gay, bisexual and/or transgender people by politicians in the country where you live?",Very widespread,5
Austria,Transgender,b1_a,"In your opinion, how widespread is offensive language about lesbian, gay, bisexual and/or transgender people by politicians in the country where you live?",Fairly widespread,25
Austria,Transgender,b1_a,"In your opinion, how widespread is offensive language about lesbian, gay, bisexual and/or transgender people by politicians in the country where you live?",Fairly rare,51
Austria,Transgender,b1_a,"In your opinion, how widespread is offensive language about lesbian, gay, bisexual and/or transgender people by politicians in the country where you live?",Very rare,13
Austria,Transgender,b1_a,"In your opinion, how widespread is offensive language about lesbian, gay, bisexual and/or transgender people by politicians in the country where you live?",Don`t know,6
Belgium,Lesbian,b1_a,"In your opinion, how widespread is offensive language about lesbian, gay, bisexual and/or transgender people by politicians in the country where you live?",Very widespread,2
Belgium,Lesbian,b1_a,"In your opinion, how widespread is offensive language about lesbian, gay, bisexual and/or transgender people by politicians in the country where you live?",Fairly widespread,12
Belgium,Lesbian,b1_a,"In your opinion, how widespread is offensive language about lesbian, gay, bisexual and/or transgender people by politicians in the country where you live?",Fairly rare,47
Belgium,Lesbian,b1_a,"In your opinion, how widespread is offensive language about lesbian, gay, bisexual and/or transgender people by politicians in the country where you live?",Very rare,33
Belgium,Lesbian,b1_a,"In your opinion, how widespread is offensive language about lesbian, gay, bisexual and/or transgender people by politicians in the country where you live?",Don`t know,6
Belgium,Gay,b1_a,"In your opinion, how widespread is offensive language about lesbian, gay, bisexual and/or transgender people by politicians in the country where you live?",Very widespread,1
Belgium,Gay,b1_a,"In your opinion, how widespread is offensive language about lesbian, gay, bisexual and/or transgender people by politicians in the country where you live?",Fairly widespread,7
Belgium,Gay,b1_a,"In your opinion, how widespread is offensive language about lesbian, gay, bisexual and/or transgender people by politicians in the country where you live?",Fairly rare,40
Belgium,Gay,b1_a,"In your opinion, how widespread is offensive language about lesbian, gay, bisexual and/or transgender people by politicians in the country where you live?",Very rare,48
Belgium,Gay,b1_a,"In your opinion, how widespread is offensive language about lesbian, gay, bisexual and/or transgender people by politicians in the country where you live?",Don`t know,4
Belgium,Bisexual women,b1_a,"In your opinion, how widespread is offensive language about lesbian, gay, bisexual and/or transgender people by politicians in the country where you live?",Very widespread,1
Belgium,Bisexual women,b1_a,"In your opinion, how widespread is offensive language about lesbian, gay, bisexual and/or transgender people by politicians in the country where you live?",Fairly widespread,9
Belgium,Bisexual women,b1_a,"In your opinion, how widespread is offensive language about lesbian, gay, bisexual and/or transgender people by politicians in the country where you live?",Fairly rare,48
Belgium,Bisexual women,b1_a,"In your opinion, how widespread is offensive language about lesbian, gay, bisexual and/or transgender people by politicians in the country where you live?",Very rare,36
Belgium,Bisexual women,b1_a,"In your opinion, how widespread is offensive language about lesbian, gay, bisexual and/or transgender people by politicians in the country where you live?",Don`t know,6
Belgium,Bisexual men,b1_a,"In your opinion, how widespread is offensive language about lesbian, gay, bisexual and/or transgender people by politicians in the country where you live?",Very widespread,1
Belgium,Bisexual men,b1_a,"In your opinion, how widespread is offensive language about lesbian, gay, bisexual and/or transgender people by politicians in the country where you live?",Fairly widespread,9
Belgium,Bisexual men,b1_a,"In your opinion, how widespread is offensive language about lesbian, gay, bisexual and/or transgender people by politicians in the country where you live?",Fairly rare,43
Belgium,Bisexual men,b1_a,"In your opinion, how widespread is offensive language about lesbian, gay, bisexual and/or transgender people by politicians in the country where you live?",Very rare,42
Belgium,Bisexual men,b1_a,"In your opinion, how widespread is offensive language about lesbian, gay, bisexual and/or transgender people by politicians in the country where you live?",Don`t know,4
Belgium,Transgender,b1_a,"In your opinion, how widespread is offensive language about lesbian, gay, bisexual and/or transgender people by politicians in the country where you live?",Very widespread,2
Belgium,Transgender,b1_a,"In your opinion, how widespread is offensive language about lesbian, gay, bisexual and/or transgender people by politicians in the country where you live?",Fairly widespread,13
Belgium,Transgender,b1_a,"In your opinion, how widespread is offensive language about lesbian, gay, bisexual and/or transgender people by politicians in the country where you live?",Fairly rare,47
Belgium,Transgender,b1_a,"In your opinion, how widespread is offensive language about lesbian, gay, bisexual and/or transgender people by politicians in the country where you live?",Very rare,31
Belgium,Transgender,b1_a,"In your opinion, how widespread is offensive language about lesbian, gay, bisexual and/or transgender people by politicians in the country where you live?",Don`t know,8
Bulgaria,Lesbian,b1_a,"In your opinion, how widespread is offensive language about lesbian, gay, bisexual and/or transgender people by politicians in the country where you live?",Very widespread,47
Bulgaria,Lesbian,b1_a,"In your opinion, how widespread is offensive language about lesbian, gay, bisexual and/or transgender people by politicians in the country where you live?",Fairly widespread,32
Bulgaria,Lesbian,b1_a,"In your opinion, how widespread is offensive language about lesbian, gay, bisexual and/or transgender people by politicians in the country where you live?",Fairly rare,14
Bulgaria,Lesbian,b1_a,"In your opinion, how widespread is offensive language about lesbian, gay, bisexual and/or transgender people by politicians in the country where you live?",Very rare,2
Bulgaria,Lesbian,b1_a,"In your opinion, how widespread is offensive language about lesbian, gay, bisexual and/or transgender people by politicians in the country where you live?",Don`t know,4
Bulgaria,Gay,b1_a,"In your opinion, how widespread is offensive language about lesbian, gay, bisexual and/or transgender people by politicians in the country where you live?",Very widespread,42
Bulgaria,Gay,b1_a,"In your opinion, how widespread is offensive language about lesbian, gay, bisexual and/or transgender people by politicians in the country where you live?",Fairly widespread,34
Bulgaria,Gay,b1_a,"In your opinion, how widespread is offensive language about lesbian, gay, bisexual and/or transgender people by politicians in the country where you live?",Fairly rare,18
Bulgaria,Gay,b1_a,"In your opinion, how widespread is offensive language about lesbian, gay, bisexual and/or transgender people by politicians in the country where you live?",Very rare,4
Bulgaria,Gay,b1_a,"In your opinion, how widespread is offensive language about lesbian, gay, bisexual and/or transgender people by politicians in the country where you live?",Don`t know,3
Bulgaria,Bisexual women,b1_a,"In your opinion, how widespread is offensive language about lesbian, gay, bisexual and/or transgender people by politicians in the country where you live?",Very widespread,39
Bulgaria,Bisexual women,b1_a,"In your opinion, how widespread is offensive language about lesbian, gay, bisexual and/or transgender people by politicians in the country where you live?",Fairly widespread,37
Bulgaria,Bisexual women,b1_a,"In your opinion, how widespread is offensive language about lesbian, gay, bisexual and/or transgender people by politicians in the country where you live?",Fairly rare,17
Bulgaria,Bisexual women,b1_a,"In your opinion, how widespread is offensive language about lesbian, gay, bisexual and/or transgender people by politicians in the country where you live?",Very rare,3
Bulgaria,Bisexual women,b1_a,"In your opinion, how widespread is offensive language about lesbian, gay, bisexual and/or transgender people by politicians in the country where you live?",Don`t know,4
Bulgaria,Bisexual men,b1_a,"In your opinion, how widespread is offensive language about lesbian, gay, bisexual and/or transgender people by politicians in the country where you live?",Very widespread,38
Bulgaria,Bisexual men,b1_a,"In your opinion, how widespread is offensive language about lesbian, gay, bisexual and/or transgender people by politicians in the country where you live?",Fairly widespread,26
Bulgaria,Bisexual men,b1_a,"In your opinion, how widespread is offensive language about lesbian, gay, bisexual and/or transgender people by politicians in the country where you live?",Fairly rare,24
Bulgaria,Bisexual men,b1_a,"In your opinion, how widespread is offensive language about lesbian, gay, bisexual and/or transgender people by politicians in the country where you live?",Very rare,8
Bulgaria,Bisexual men,b1_a,"In your opinion, how widespread is offensive language about lesbian, gay, bisexual and/or transgender people by politicians in the country where you live?",Don`t know,5
Bulgaria,Transgender,b1_a,"In your opinion, how widespread is offensive language about lesbian, gay, bisexual and/or transgender people by politicians in the country where you live?",Very widespread,43
Bulgaria,Transgender,b1_a,"In your opinion, how widespread is offensive language about lesbian, gay, bisexual and/or transgender people by politicians in the country where you live?",Fairly widespread,37
Bulgaria,Transgender,b1_a,"In your opinion, how widespread is offensive language about lesbian, gay, bisexual and/or transgender people by politicians in the country where you live?",Fairly rare,14
Bulgaria,Transgender,b1_a,"In your opinion, how widespread is offensive language about lesbian, gay, bisexual and/or transgender people by politicians in the country where you live?",Very rare,3
Bulgaria,Transgender,b1_a,"In your opinion, how widespread is offensive language about lesbian, gay, bisexual and/or transgender people by politicians in the country where you live?",Don`t know,3
Cyprus,Lesbian,b1_a,"In your opinion, how widespread is offensive language about lesbian, gay, bisexual and/or transgender people by politicians in the country where you live?",Very widespread,32
Cyprus,Lesbian,b1_a,"In your opinion, how widespread is offensive language about lesbian, gay, bisexual and/or transgender people by politicians in the country where you live?",Fairly widespread,34
Cyprus,Lesbian,b1_a,"In your opinion, how widespread is offensive language about lesbian, gay, bisexual and/or transgender people by politicians in the country where you live?",Fairly rare,27
Cyprus,Lesbian,b1_a,"In your opinion, how widespread is offensive language about lesbian, gay, bisexual and/or transgender people by politicians in the country where you live?",Very rare,5
Cyprus,Lesbian,b1_a,"In your opinion, how widespread is offensive language about lesbian, gay, bisexual and/or transgender people by politicians in the country where you live?",Don`t know,2
Cyprus,Gay,b1_a,"In your opinion, how widespread is offensive language about lesbian, gay, bisexual and/or transgender people by politicians in the country where you live?",Very widespread,30
Cyprus,Gay,b1_a,"In your opinion, how widespread is offensive language about lesbian, gay, bisexual and/or transgender people by politicians in the country where you live?",Fairly widespread,29
Cyprus,Gay,b1_a,"In your opinion, how widespread is offensive language about lesbian, gay, bisexual and/or transgender people by politicians in the country where you live?",Fairly rare,28
Cyprus,Gay,b1_a,"In your opinion, how widespread is offensive language about lesbian, gay, bisexual and/or transgender people by politicians in the country where you live?",Very rare,7
Cyprus,Gay,b1_a,"In your opinion, how widespread is offensive language about lesbian, gay, bisexual and/or transgender people by politicians in the country where you live?",Don`t know,5
Cyprus,Bisexual women,b1_a,"In your opinion, how widespread is offensive language about lesbian, gay, bisexual and/or transgender people by politicians in the country where you live?",Very widespread,:
Cyprus,Bisexual women,b1_a,"In your opinion, how widespread is offensive language about lesbian, gay, bisexual and/or transgender people by politicians in the country where you live?",Fairly widespread,:
Cyprus,Bisexual women,b1_a,"In your opinion, how widespread is offensive language about lesbian, gay, bisexual and/or transgender people by politicians in the country where you live?",Fairly rare,:
Cyprus,Bisexual women,b1_a,"In your opinion, how widespread is offensive language about lesbian, gay, bisexual and/or transgender people by politicians in the country where you live?",Very rare,:
Cyprus,Bisexual women,b1_a,"In your opinion, how widespread is offensive language about lesbian, gay, bisexual and/or transgender people by politicians in the country where you live?",Don`t know,:
Cyprus,Bisexual men,b1_a,"In your opinion, how widespread is offensive language about lesbian, gay, bisexual and/or transgender people by politicians in the country where you live?",Very widespread,:
Cyprus,Bisexual men,b1_a,"In your opinion, how widespread is offensive language about lesbian, gay, bisexual and/or transgender people by politicians in the country where you live?",Fairly widespread,:
Cyprus,Bisexual men,b1_a,"In your opinion, how widespread is offensive language about lesbian, gay, bisexual and/or transgender people by politicians in the country where you live?",Fairly rare,:
Cyprus,Bisexual men,b1_a,"In your opinion, how widespread is offensive language about lesbian, gay, bisexual and/or transgender people by politicians in the country where you live?",Very rare,:
Cyprus,Bisexual men,b1_a,"In your opinion, how widespread is offensive language about lesbian, gay, bisexual and/or transgender people by politicians in the country where you live?",Don`t know,:
Cyprus,Transgender,b1_a,"In your opinion, how widespread is offensive language about lesbian, gay, bisexual and/or transgender people by politicians in the country where you live?",Very widespread,36
Cyprus,Transgender,b1_a,"In your opinion, how widespread is offensive language about lesbian, gay, bisexual and/or transgender people by politicians in the country where you live?",Fairly widespread,24
Cyprus,Transgender,b1_a,"In your opinion, how widespread is offensive language about lesbian, gay, bisexual and/or transgender people by politicians in the country where you live?",Fairly rare,24
Cyprus,Transgender,b1_a,"In your opinion, how widespread is offensive language about lesbian, gay, bisexual and/or transgender people by politicians in the country where you live?",Very rare,8
Cyprus,Transgender,b1_a,"In your opinion, how widespread is offensive language about lesbian, gay, bisexual and/or transgender people by politicians in the country where you live?",Don`t know,8
Czech Republic,Lesbian,b1_a,"In your opinion, how widespread is offensive language about lesbian, gay, bisexual and/or transgender people by politicians in the country where you live?",Very widespread,6
Czech Republic,Lesbian,b1_a,"In your opinion, how widespread is offensive language about lesbian, gay, bisexual and/or transgender people by politicians in the country where you live?",Fairly widespread,32
Czech Republic,Lesbian,b1_a,"In your opinion, how widespread is offensive language about lesbian, gay, bisexual and/or transgender people by politicians in the country where you live?",Fairly rare,46
Czech Republic,Lesbian,b1_a,"In your opinion, how widespread is offensive language about lesbian, gay, bisexual and/or transgender people by politicians in the country where you live?",Very rare,13
Czech Republic,Lesbian,b1_a,"In your opinion, how widespread is offensive language about lesbian, gay, bisexual and/or transgender people by politicians in the country where you live?",Don`t know,3
Czech Republic,Gay,b1_a,"In your opinion, how widespread is offensive language about lesbian, gay, bisexual and/or transgender people by politicians in the country where you live?",Very widespread,2
Czech Republic,Gay,b1_a,"In your opinion, how widespread is offensive language about lesbian, gay, bisexual and/or transgender people by politicians in the country where you live?",Fairly widespread,19
Czech Republic,Gay,b1_a,"In your opinion, how widespread is offensive language about lesbian, gay, bisexual and/or transgender people by politicians in the country where you live?",Fairly rare,49
Czech Republic,Gay,b1_a,"In your opinion, how widespread is offensive language about lesbian, gay, bisexual and/or transgender people by politicians in the country where you live?",Very rare,27
Czech Republic,Gay,b1_a,"In your opinion, how widespread is offensive language about lesbian, gay, bisexual and/or transgender people by politicians in the country where you live?",Don`t know,3
Czech Republic,Bisexual women,b1_a,"In your opinion, how widespread is offensive language about lesbian, gay, bisexual and/or transgender people by politicians in the country where you live?",Very widespread,4
Czech Republic,Bisexual women,b1_a,"In your opinion, how widespread is offensive language about lesbian, gay, bisexual and/or transgender people by politicians in the country where you live?",Fairly widespread,27
Czech Republic,Bisexual women,b1_a,"In your opinion, how widespread is offensive language about lesbian, gay, bisexual and/or transgender people by politicians in the country where you live?",Fairly rare,48
Czech Republic,Bisexual women,b1_a,"In your opinion, how widespread is offensive language about lesbian, gay, bisexual and/or transgender people by politicians in the country where you live?",Very rare,14
Czech Republic,Bisexual women,b1_a,"In your opinion, how widespread is offensive language about lesbian, gay, bisexual and/or transgender people by politicians in the country where you live?",Don`t know,7
Czech Republic,Bisexual men,b1_a,"In your opinion, how widespread is offensive language about lesbian, gay, bisexual and/or transgender people by politicians in the country where you live?",Very widespread,4
Czech Republic,Bisexual men,b1_a,"In your opinion, how widespread is offensive language about lesbian, gay, bisexual and/or transgender people by politicians in the country where you live?",Fairly widespread,19
Czech Republic,Bisexual men,b1_a,"In your opinion, how widespread is offensive language about lesbian, gay, bisexual and/or transgender people by politicians in the country where you live?",Fairly rare,48
Czech Republic,Bisexual men,b1_a,"In your opinion, how widespread is offensive language about lesbian, gay, bisexual and/or transgender people by politicians in the country where you live?",Very rare,28
Czech Republic,Bisexual men,b1_a,"In your opinion, how widespread is offensive language about lesbian, gay, bisexual and/or transgender people by politicians in the country where you live?",Don`t know,1
Czech Republic,Transgender,b1_a,"In your opinion, how widespread is offensive language about lesbian, gay, bisexual and/or transgender people by politicians in the country where you live?",Very widespread,6
Czech Republic,Transgender,b1_a,"In your opinion, how widespread is offensive language about lesbian, gay, bisexual and/or transgender people by politicians in the country where you live?",Fairly widespread,31
Czech Republic,Transgender,b1_a,"In your opinion, how widespread is offensive language about lesbian, gay, bisexual and/or transgender people by politicians in the country where you live?",Fairly rare,37
Czech Republic,Transgender,b1_a,"In your opinion, how widespread is offensive language about lesbian, gay, bisexual and/or transgender people by politicians in the country where you live?",Very rare,19
Czech Republic,Transgender,b1_a,"In your opinion, how widespread is offensive language about lesbian, gay, bisexual and/or transgender people by politicians in the country where you live?",Don`t know,6
Germany,Lesbian,b1_a,"In your opinion, how widespread is offensive language about lesbian, gay, bisexual and/or transgender people by politicians in the country where you live?",Very widespread,2
Germany,Lesbian,b1_a,"In your opinion, how widespread is offensive language about lesbian, gay, bisexual and/or transgender people by politicians in the country where you live?",Fairly widespread,11
Germany,Lesbian,b1_a,"In your opinion, how widespread is offensive language about lesbian, gay, bisexual and/or transgender people by politicians in the country where you live?",Fairly rare,60
Germany,Lesbian,b1_a,"In your opinion, how widespread is offensive language about lesbian, gay, bisexual and/or transgender people by politicians in the country where you live?",Very rare,24
Germany,Lesbian,b1_a,"In your opinion, how widespread is offensive language about lesbian, gay, bisexual and/or transgender people by politicians in the country where you live?",Don`t know,4
Germany,Gay,b1_a,"In your opinion, how widespread is offensive language about lesbian, gay, bisexual and/or transgender people by politicians in the country where you live?",Very widespread,1
Germany,Gay,b1_a,"In your opinion, how widespread is offensive language about lesbian, gay, bisexual and/or transgender people by politicians in the country where you live?",Fairly widespread,7
Germany,Gay,b1_a,"In your opinion, how widespread is offensive language about lesbian, gay, bisexual and/or transgender people by politicians in the country where you live?",Fairly rare,49
Germany,Gay,b1_a,"In your opinion, how widespread is offensive language about lesbian, gay, bisexual and/or transgender people by politicians in the country where you live?",Very rare,40
Germany,Gay,b1_a,"In your opinion, how widespread is offensive language about lesbian, gay, bisexual and/or transgender people by politicians in the country where you live?",Don`t know,3
Germany,Bisexual women,b1_a,"In your opinion, how widespread is offensive language about lesbian, gay, bisexual and/or transgender people by politicians in the country where you live?",Very widespread,3
Germany,Bisexual women,b1_a,"In your opinion, how widespread is offensive language about lesbian, gay, bisexual and/or transgender people by politicians in the country where you live?",Fairly widespread,12
Germany,Bisexual women,b1_a,"In your opinion, how widespread is offensive language about lesbian, gay, bisexual and/or transgender people by politicians in the country where you live?",Fairly rare,59
Germany,Bisexual women,b1_a,"In your opinion, how widespread is offensive language about lesbian, gay, bisexual and/or transgender people by politicians in the country where you live?",Very rare,22
Germany,Bisexual women,b1_a,"In your opinion, how widespread is offensive language about lesbian, gay, bisexual and/or transgender people by politicians in the country where you live?",Don`t know,5
Germany,Bisexual men,b1_a,"In your opinion, how widespread is offensive language about lesbian, gay, bisexual and/or transgender people by politicians in the country where you live?",Very widespread,2
Germany,Bisexual men,b1_a,"In your opinion, how widespread is offensive language about lesbian, gay, bisexual and/or transgender people by politicians in the country where you live?",Fairly widespread,9
Germany,Bisexual men,b1_a,"In your opinion, how widespread is offensive language about lesbian, gay, bisexual and/or transgender people by politicians in the country where you live?",Fairly rare,45
Germany,Bisexual men,b1_a,"In your opinion, how widespread is offensive language about lesbian, gay, bisexual and/or transgender people by politicians in the country where you live?",Very rare,40
Germany,Bisexual men,b1_a,"In your opinion, how widespread is offensive language about lesbian, gay, bisexual and/or transgender people by politicians in the country where you live?",Don`t know,6
Germany,Transgender,b1_a,"In your opinion, how widespread is offensive language about lesbian, gay, bisexual and/or transgender people by politicians in the country where you live?",Very widespread,4
Germany,Transgender,b1_a,"In your opinion, how widespread is offensive language about lesbian, gay, bisexual and/or transgender people by politicians in the country where you live?",Fairly widespread,17
Germany,Transgender,b1_a,"In your opinion, how widespread is offensive language about lesbian, gay, bisexual and/or transgender people by politicians in the country where you live?",Fairly rare,47
Germany,Transgender,b1_a,"In your opinion, how widespread is offensive language about lesbian, gay, bisexual and/or transgender people by politicians in the country where you live?",Very rare,24
Germany,Transgender,b1_a,"In your opinion, how widespread is offensive language about lesbian, gay, bisexual and/or transgender people by politicians in the country where you live?",Don`t know,8
Denmark,Lesbian,b1_a,"In your opinion, how widespread is offensive language about lesbian, gay, bisexual and/or transgender people by politicians in the country where you live?",Very widespread,2
Denmark,Lesbian,b1_a,"In your opinion, how widespread is offensive language about lesbian, gay, bisexual and/or transgender people by politicians in the country where you live?",Fairly widespread,9
Denmark,Lesbian,b1_a,"In your opinion, how widespread is offensive language about lesbian, gay, bisexual and/or transgender people by politicians in the country where you live?",Fairly rare,52
Denmark,Lesbian,b1_a,"In your opinion, how widespread is offensive language about lesbian, gay, bisexual and/or transgender people by politicians in the country where you live?",Very rare,36
Denmark,Lesbian,b1_a,"In your opinion, how widespread is offensive language about lesbian, gay, bisexual and/or transgender people by politicians in the country where you live?",Don`t know,1
Denmark,Gay,b1_a,"In your opinion, how widespread is offensive language about lesbian, gay, bisexual and/or transgender people by politicians in the country where you live?",Very widespread,1
Denmark,Gay,b1_a,"In your opinion, how widespread is offensive language about lesbian, gay, bisexual and/or transgender people by politicians in the country where you live?",Fairly widespread,6
Denmark,Gay,b1_a,"In your opinion, how widespread is offensive language about lesbian, gay, bisexual and/or transgender people by politicians in the country where you live?",Fairly rare,41
Denmark,Gay,b1_a,"In your opinion, how widespread is offensive language about lesbian, gay, bisexual and/or transgender people by politicians in the country where you live?",Very rare,50
Denmark,Gay,b1_a,"In your opinion, how widespread is offensive language about lesbian, gay, bisexual and/or transgender people by politicians in the country where you live?",Don`t know,2
Denmark,Bisexual women,b1_a,"In your opinion, how widespread is offensive language about lesbian, gay, bisexual and/or transgender people by politicians in the country where you live?",Very widespread,1
Denmark,Bisexual women,b1_a,"In your opinion, how widespread is offensive language about lesbian, gay, bisexual and/or transgender people by politicians in the country where you live?",Fairly widespread,15
Denmark,Bisexual women,b1_a,"In your opinion, how widespread is offensive language about lesbian, gay, bisexual and/or transgender people by politicians in the country where you live?",Fairly rare,49
Denmark,Bisexual women,b1_a,"In your opinion, how widespread is offensive language about lesbian, gay, bisexual and/or transgender people by politicians in the country where you live?",Very rare,34
Denmark,Bisexual women,b1_a,"In your opinion, how widespread is offensive language about lesbian, gay, bisexual and/or transgender people by politicians in the country where you live?",Don`t know,1
Denmark,Bisexual men,b1_a,"In your opinion, how widespread is offensive language about lesbian, gay, bisexual and/or transgender people by politicians in the country where you live?",Very widespread,0
Denmark,Bisexual men,b1_a,"In your opinion, how widespread is offensive language about lesbian, gay, bisexual and/or transgender people by politicians in the country where you live?",Fairly widespread,6
Denmark,Bisexual men,b1_a,"In your opinion, how widespread is offensive language about lesbian, gay, bisexual and/or transgender people by politicians in the country where you live?",Fairly rare,47
Denmark,Bisexual men,b1_a,"In your opinion, how widespread is offensive language about lesbian, gay, bisexual and/or transgender people by politicians in the country where you live?",Very rare,40
Denmark,Bisexual men,b1_a,"In your opinion, how widespread is offensive language about lesbian, gay, bisexual and/or transgender people by politicians in the country where you live?",Don`t know,6
Denmark,Transgender,b1_a,"In your opinion, how widespread is offensive language about lesbian, gay, bisexual and/or transgender people by politicians in the country where you live?",Very widespread,3
Denmark,Transgender,b1_a,"In your opinion, how widespread is offensive language about lesbian, gay, bisexual and/or transgender people by politicians in the country where you live?",Fairly widespread,18
Denmark,Transgender,b1_a,"In your opinion, how widespread is offensive language about lesbian, gay, bisexual and/or transgender people by politicians in the country where you live?",Fairly rare,40
Denmark,Transgender,b1_a,"In your opinion, how widespread is offensive language about lesbian, gay, bisexual and/or transgender people by politicians in the country where you live?",Very rare,35
Denmark,Transgender,b1_a,"In your opinion, how widespread is offensive language about lesbian, gay, bisexual and/or transgender people by politicians in the country where you live?",Don`t know,3
Estonia,Lesbian,b1_a,"In your opinion, how widespread is offensive language about lesbian, gay, bisexual and/or transgender people by politicians in the country where you live?",Very widespread,4
Estonia,Lesbian,b1_a,"In your opinion, how widespread is offensive language about lesbian, gay, bisexual and/or transgender people by politicians in the country where you live?",Fairly widespread,48
Estonia,Lesbian,b1_a,"In your opinion, how widespread is offensive language about lesbian, gay, bisexual and/or transgender people by politicians in the country where you live?",Fairly rare,34
Estonia,Lesbian,b1_a,"In your opinion, how widespread is offensive language about lesbian, gay, bisexual and/or transgender people by politicians in the country where you live?",Very rare,5
Estonia,Lesbian,b1_a,"In your opinion, how widespread is offensive language about lesbian, gay, bisexual and/or transgender people by politicians in the country where you live?",Don`t know,8
Estonia,Gay,b1_a,"In your opinion, how widespread is offensive language about lesbian, gay, bisexual and/or transgender people by politicians in the country where you live?",Very widespread,12
Estonia,Gay,b1_a,"In your opinion, how widespread is offensive language about lesbian, gay, bisexual and/or transgender people by politicians in the country where you live?",Fairly widespread,26
Estonia,Gay,b1_a,"In your opinion, how widespread is offensive language about lesbian, gay, bisexual and/or transgender people by politicians in the country where you live?",Fairly rare,40
Estonia,Gay,b1_a,"In your opinion, how widespread is offensive language about lesbian, gay, bisexual and/or transgender people by politicians in the country where you live?",Very rare,20
Estonia,Gay,b1_a,"In your opinion, how widespread is offensive language about lesbian, gay, bisexual and/or transgender people by politicians in the country where you live?",Don`t know,2
Estonia,Bisexual women,b1_a,"In your opinion, how widespread is offensive language about lesbian, gay, bisexual and/or transgender people by politicians in the country where you live?",Very widespread,13
Estonia,Bisexual women,b1_a,"In your opinion, how widespread is offensive language about lesbian, gay, bisexual and/or transgender people by politicians in the country where you live?",Fairly widespread,34
Estonia,Bisexual women,b1_a,"In your opinion, how widespread is offensive language about lesbian, gay, bisexual and/or transgender people by politicians in the country where you live?",Fairly rare,44
Estonia,Bisexual women,b1_a,"In your opinion, how widespread is offensive language about lesbian, gay, bisexual and/or transgender people by politicians in the country where you live?",Very rare,7
Estonia,Bisexual women,b1_a,"In your opinion, how widespread is offensive language about lesbian, gay, bisexual and/or transgender people by politicians in the country where you live?",Don`t know,2
Estonia,Bisexual men,b1_a,"In your opinion, how widespread is offensive language about lesbian, gay, bisexual and/or transgender people by politicians in the country where you live?",Very widespread,10
Estonia,Bisexual men,b1_a,"In your opinion, how widespread is offensive language about lesbian, gay, bisexual and/or transgender people by politicians in the country where you live?",Fairly widespread,30
Estonia,Bisexual men,b1_a,"In your opinion, how widespread is offensive language about lesbian, gay, bisexual and/or transgender people by politicians in the country where you live?",Fairly rare,40
Estonia,Bisexual men,b1_a,"In your opinion, how widespread is offensive language about lesbian, gay, bisexual and/or transgender people by politicians in the country where you live?",Very rare,10
Estonia,Bisexual men,b1_a,"In your opinion, how widespread is offensive language about lesbian, gay, bisexual and/or transgender people by politicians in the country where you live?",Don`t know,10
Estonia,Transgender,b1_a,"In your opinion, how widespread is offensive language about lesbian, gay, bisexual and/or transgender people by politicians in the country where you live?",Very widespread,12
Estonia,Transgender,b1_a,"In your opinion, how widespread is offensive language about lesbian, gay, bisexual and/or transgender people by politicians in the country where you live?",Fairly widespread,46
Estonia,Transgender,b1_a,"In your opinion, how widespread is offensive language about lesbian, gay, bisexual and/or transgender people by politicians in the country where you live?",Fairly rare,25
Estonia,Transgender,b1_a,"In your opinion, how widespread is offensive language about lesbian, gay, bisexual and/or transgender people by politicians in the country where you live?",Very rare,8
Estonia,Transgender,b1_a,"In your opinion, how widespread is offensive language about lesbian, gay, bisexual and/or transgender people by politicians in the country where you live?",Don`t know,8
Greece,Lesbian,b1_a,"In your opinion, how widespread is offensive language about lesbian, gay, bisexual and/or transgender people by politicians in the country where you live?",Very widespread,30
Greece,Lesbian,b1_a,"In your opinion, how widespread is offensive language about lesbian, gay, bisexual and/or transgender people by politicians in the country where you live?",Fairly widespread,42
Greece,Lesbian,b1_a,"In your opinion, how widespread is offensive language about lesbian, gay, bisexual and/or transgender people by politicians in the country where you live?",Fairly rare,20
Greece,Lesbian,b1_a,"In your opinion, how widespread is offensive language about lesbian, gay, bisexual and/or transgender people by politicians in the country where you live?",Very rare,5
Greece,Lesbian,b1_a,"In your opinion, how widespread is offensive language about lesbian, gay, bisexual and/or transgender people by politicians in the country where you live?",Don`t know,4
Greece,Gay,b1_a,"In your opinion, how widespread is offensive language about lesbian, gay, bisexual and/or transgender people by politicians in the country where you live?",Very widespread,26
Greece,Gay,b1_a,"In your opinion, how widespread is offensive language about lesbian, gay, bisexual and/or transgender people by politicians in the country where you live?",Fairly widespread,40
Greece,Gay,b1_a,"In your opinion, how widespread is offensive language about lesbian, gay, bisexual and/or transgender people by politicians in the country where you live?",Fairly rare,23
Greece,Gay,b1_a,"In your opinion, how widespread is offensive language about lesbian, gay, bisexual and/or transgender people by politicians in the country where you live?",Very rare,8
Greece,Gay,b1_a,"In your opinion, how widespread is offensive language about lesbian, gay, bisexual and/or transgender people by politicians in the country where you live?",Don`t know,4
Greece,Bisexual women,b1_a,"In your opinion, how widespread is offensive language about lesbian, gay, bisexual and/or transgender people by politicians in the country where you live?",Very widespread,30
Greece,Bisexual women,b1_a,"In your opinion, how widespread is offensive language about lesbian, gay, bisexual and/or transgender people by politicians in the country where you live?",Fairly widespread,45
Greece,Bisexual women,b1_a,"In your opinion, how widespread is offensive language about lesbian, gay, bisexual and/or transgender people by politicians in the country where you live?",Fairly rare,14
Greece,Bisexual women,b1_a,"In your opinion, how widespread is offensive language about lesbian, gay, bisexual and/or transgender people by politicians in the country where you live?",Very rare,5
Greece,Bisexual women,b1_a,"In your opinion, how widespread is offensive language about lesbian, gay, bisexual and/or transgender people by politicians in the country where you live?",Don`t know,6
Greece,Bisexual men,b1_a,"In your opinion, how widespread is offensive language about lesbian, gay, bisexual and/or transgender people by politicians in the country where you live?",Very widespread,22
Greece,Bisexual men,b1_a,"In your opinion, how widespread is offensive language about lesbian, gay, bisexual and/or transgender people by politicians in the country where you live?",Fairly widespread,40
Greece,Bisexual men,b1_a,"In your opinion, how widespread is offensive language about lesbian, gay, bisexual and/or transgender people by politicians in the country where you live?",Fairly rare,22
Greece,Bisexual men,b1_a,"In your opinion, how widespread is offensive language about lesbian, gay, bisexual and/or transgender people by politicians in the country where you live?",Very rare,12
Greece,Bisexual men,b1_a,"In your opinion, how widespread is offensive language about lesbian, gay, bisexual and/or transgender people by politicians in the country where you live?",Don`t know,4
Greece,Transgender,b1_a,"In your opinion, how widespread is offensive language about lesbian, gay, bisexual and/or transgender people by politicians in the country where you live?",Very widespread,37
Greece,Transgender,b1_a,"In your opinion, how widespread is offensive language about lesbian, gay, bisexual and/or transgender people by politicians in the country where you live?",Fairly widespread,40
Greece,Transgender,b1_a,"In your opinion, how widespread is offensive language about lesbian, gay, bisexual and/or transgender people by politicians in the country where you live?",Fairly rare,15
Greece,Transgender,b1_a,"In your opinion, how widespread is offensive language about lesbian, gay, bisexual and/or transgender people by politicians in the country where you live?",Very rare,6
Greece,Transgender,b1_a,"In your opinion, how widespread is offensive language about lesbian, gay, bisexual and/or transgender people by politicians in the country where you live?",Don`t know,2
Spain,Lesbian,b1_a,"In your opinion, how widespread is offensive language about lesbian, gay, bisexual and/or transgender people by politicians in the country where you live?",Very widespread,11
Spain,Lesbian,b1_a,"In your opinion, how widespread is offensive language about lesbian, gay, bisexual and/or transgender people by politicians in the country where you live?",Fairly widespread,35
Spain,Lesbian,b1_a,"In your opinion, how widespread is offensive language about lesbian, gay, bisexual and/or transgender people by politicians in the country where you live?",Fairly rare,44
Spain,Lesbian,b1_a,"In your opinion, how widespread is offensive language about lesbian, gay, bisexual and/or transgender people by politicians in the country where you live?",Very rare,7
Spain,Lesbian,b1_a,"In your opinion, how widespread is offensive language about lesbian, gay, bisexual and/or transgender people by politicians in the country where you live?",Don`t know,2
Spain,Gay,b1_a,"In your opinion, how widespread is offensive language about lesbian, gay, bisexual and/or transgender people by politicians in the country where you live?",Very widespread,8
Spain,Gay,b1_a,"In your opinion, how widespread is offensive language about lesbian, gay, bisexual and/or transgender people by politicians in the country where you live?",Fairly widespread,29
Spain,Gay,b1_a,"In your opinion, how widespread is offensive language about lesbian, gay, bisexual and/or transgender people by politicians in the country where you live?",Fairly rare,46
Spain,Gay,b1_a,"In your opinion, how widespread is offensive language about lesbian, gay, bisexual and/or transgender people by politicians in the country where you live?",Very rare,16
Spain,Gay,b1_a,"In your opinion, how widespread is offensive language about lesbian, gay, bisexual and/or transgender people by politicians in the country where you live?",Don`t know,2
Spain,Bisexual women,b1_a,"In your opinion, how widespread is offensive language about lesbian, gay, bisexual and/or transgender people by politicians in the country where you live?",Very widespread,12
Spain,Bisexual women,b1_a,"In your opinion, how widespread is offensive language about lesbian, gay, bisexual and/or transgender people by politicians in the country where you live?",Fairly widespread,36
Spain,Bisexual women,b1_a,"In your opinion, how widespread is offensive language about lesbian, gay, bisexual and/or transgender people by politicians in the country where you live?",Fairly rare,41
Spain,Bisexual women,b1_a,"In your opinion, how widespread is offensive language about lesbian, gay, bisexual and/or transgender people by politicians in the country where you live?",Very rare,8
Spain,Bisexual women,b1_a,"In your opinion, how widespread is offensive language about lesbian, gay, bisexual and/or transgender people by politicians in the country where you live?",Don`t know,4
Spain,Bisexual men,b1_a,"In your opinion, how widespread is offensive language about lesbian, gay, bisexual and/or transgender people by politicians in the country where you live?",Very widespread,10
Spain,Bisexual men,b1_a,"In your opinion, how widespread is offensive language about lesbian, gay, bisexual and/or transgender people by politicians in the country where you live?",Fairly widespread,32
Spain,Bisexual men,b1_a,"In your opinion, how widespread is offensive language about lesbian, gay, bisexual and/or transgender people by politicians in the country where you live?",Fairly rare,41
Spain,Bisexual men,b1_a,"In your opinion, how widespread is offensive language about lesbian, gay, bisexual and/or transgender people by politicians in the country where you live?",Very rare,15
Spain,Bisexual men,b1_a,"In your opinion, how widespread is offensive language about lesbian, gay, bisexual and/or transgender people by politicians in the country where you live?",Don`t know,2
Spain,Transgender,b1_a,"In your opinion, how widespread is offensive language about lesbian, gay, bisexual and/or transgender people by politicians in the country where you live?",Very widespread,9
Spain,Transgender,b1_a,"In your opinion, how widespread is offensive language about lesbian, gay, bisexual and/or transgender people by politicians in the country where you live?",Fairly widespread,36
Spain,Transgender,b1_a,"In your opinion, how widespread is offensive language about lesbian, gay, bisexual and/or transgender people by politicians in the country where you live?",Fairly rare,34
Spain,Transgender,b1_a,"In your opinion, how widespread is offensive language about lesbian, gay, bisexual and/or transgender people by politicians in the country where you live?",Very rare,15
Spain,Transgender,b1_a,"In your opinion, how widespread is offensive language about lesbian, gay, bisexual and/or transgender people by politicians in the country where you live?",Don`t know,5
Finland,Lesbian,b1_a,"In your opinion, how widespread is offensive language about lesbian, gay, bisexual and/or transgender people by politicians in the country where you live?",Very widespread,6
Finland,Lesbian,b1_a,"In your opinion, how widespread is offensive language about lesbian, gay, bisexual and/or transgender people by politicians in the country where you live?",Fairly widespread,36
Finland,Lesbian,b1_a,"In your opinion, how widespread is offensive language about lesbian, gay, bisexual and/or transgender people by politicians in the country where you live?",Fairly rare,51
Finland,Lesbian,b1_a,"In your opinion, how widespread is offensive language about lesbian, gay, bisexual and/or transgender people by politicians in the country where you live?",Very rare,4
Finland,Lesbian,b1_a,"In your opinion, how widespread is offensive language about lesbian, gay, bisexual and/or transgender people by politicians in the country where you live?",Don`t know,3
Finland,Gay,b1_a,"In your opinion, how widespread is offensive language about lesbian, gay, bisexual and/or transgender people by politicians in the country where you live?",Very widespread,4
Finland,Gay,b1_a,"In your opinion, how widespread is offensive language about lesbian, gay, bisexual and/or transgender people by politicians in the country where you live?",Fairly widespread,27
Finland,Gay,b1_a,"In your opinion, how widespread is offensive language about lesbian, gay, bisexual and/or transgender people by politicians in the country where you live?",Fairly rare,55
Finland,Gay,b1_a,"In your opinion, how widespread is offensive language about lesbian, gay, bisexual and/or transgender people by politicians in the country where you live?",Very rare,12
Finland,Gay,b1_a,"In your opinion, how widespread is offensive language about lesbian, gay, bisexual and/or transgender people by politicians in the country where you live?",Don`t know,2
Finland,Bisexual women,b1_a,"In your opinion, how widespread is offensive language about lesbian, gay, bisexual and/or transgender people by politicians in the country where you live?",Very widespread,4
Finland,Bisexual women,b1_a,"In your opinion, how widespread is offensive language about lesbian, gay, bisexual and/or transgender people by politicians in the country where you live?",Fairly widespread,38
Finland,Bisexual women,b1_a,"In your opinion, how widespread is offensive language about lesbian, gay, bisexual and/or transgender people by politicians in the country where you live?",Fairly rare,51
Finland,Bisexual women,b1_a,"In your opinion, how widespread is offensive language about lesbian, gay, bisexual and/or transgender people by politicians in the country where you live?",Very rare,4
Finland,Bisexual women,b1_a,"In your opinion, how widespread is offensive language about lesbian, gay, bisexual and/or transgender people by politicians in the country where you live?",Don`t know,3
Finland,Bisexual men,b1_a,"In your opinion, how widespread is offensive language about lesbian, gay, bisexual and/or transgender people by politicians in the country where you live?",Very widespread,3
Finland,Bisexual men,b1_a,"In your opinion, how widespread is offensive language about lesbian, gay, bisexual and/or transgender people by politicians in the country where you live?",Fairly widespread,21
Finland,Bisexual men,b1_a,"In your opinion, how widespread is offensive language about lesbian, gay, bisexual and/or transgender people by politicians in the country where you live?",Fairly rare,61
Finland,Bisexual men,b1_a,"In your opinion, how widespread is offensive language about lesbian, gay, bisexual and/or transgender people by politicians in the country where you live?",Very rare,13
Finland,Bisexual men,b1_a,"In your opinion, how widespread is offensive language about lesbian, gay, bisexual and/or transgender people by politicians in the country where you live?",Don`t know,2
Finland,Transgender,b1_a,"In your opinion, how widespread is offensive language about lesbian, gay, bisexual and/or transgender people by politicians in the country where you live?",Very widespread,6
Finland,Transgender,b1_a,"In your opinion, how widespread is offensive language about lesbian, gay, bisexual and/or transgender people by politicians in the country where you live?",Fairly widespread,33
Finland,Transgender,b1_a,"In your opinion, how widespread is offensive language about lesbian, gay, bisexual and/or transgender people by politicians in the country where you live?",Fairly rare,52
Finland,Transgender,b1_a,"In your opinion, how widespread is offensive language about lesbian, gay, bisexual and/or transgender people by politicians in the country where you live?",Very rare,6
Finland,Transgender,b1_a,"In your opinion, how widespread is offensive language about lesbian, gay, bisexual and/or transgender people by politicians in the country where you live?",Don`t know,3
France,Lesbian,b1_a,"In your opinion, how widespread is offensive language about lesbian, gay, bisexual and/or transgender people by politicians in the country where you live?",Very widespread,9
France,Lesbian,b1_a,"In your opinion, how widespread is offensive language about lesbian, gay, bisexual and/or transgender people by politicians in the country where you live?",Fairly widespread,42
France,Lesbian,b1_a,"In your opinion, how widespread is offensive language about lesbian, gay, bisexual and/or transgender people by politicians in the country where you live?",Fairly rare,42
France,Lesbian,b1_a,"In your opinion, how widespread is offensive language about lesbian, gay, bisexual and/or transgender people by politicians in the country where you live?",Very rare,5
France,Lesbian,b1_a,"In your opinion, how widespread is offensive language about lesbian, gay, bisexual and/or transgender people by politicians in the country where you live?",Don`t know,3
France,Gay,b1_a,"In your opinion, how widespread is offensive language about lesbian, gay, bisexual and/or transgender people by politicians in the country where you live?",Very widespread,5
France,Gay,b1_a,"In your opinion, how widespread is offensive language about lesbian, gay, bisexual and/or transgender people by politicians in the country where you live?",Fairly widespread,28
France,Gay,b1_a,"In your opinion, how widespread is offensive language about lesbian, gay, bisexual and/or transgender people by politicians in the country where you live?",Fairly rare,51
France,Gay,b1_a,"In your opinion, how widespread is offensive language about lesbian, gay, bisexual and/or transgender people by politicians in the country where you live?",Very rare,15
France,Gay,b1_a,"In your opinion, how widespread is offensive language about lesbian, gay, bisexual and/or transgender people by politicians in the country where you live?",Don`t know,2
France,Bisexual women,b1_a,"In your opinion, how widespread is offensive language about lesbian, gay, bisexual and/or transgender people by politicians in the country where you live?",Very widespread,8
France,Bisexual women,b1_a,"In your opinion, how widespread is offensive language about lesbian, gay, bisexual and/or transgender people by politicians in the country where you live?",Fairly widespread,35
France,Bisexual women,b1_a,"In your opinion, how widespread is offensive language about lesbian, gay, bisexual and/or transgender people by politicians in the country where you live?",Fairly rare,47
France,Bisexual women,b1_a,"In your opinion, how widespread is offensive language about lesbian, gay, bisexual and/or transgender people by politicians in the country where you live?",Very rare,7
France,Bisexual women,b1_a,"In your opinion, how widespread is offensive language about lesbian, gay, bisexual and/or transgender people by politicians in the country where you live?",Don`t know,4
France,Bisexual men,b1_a,"In your opinion, how widespread is offensive language about lesbian, gay, bisexual and/or transgender people by politicians in the country where you live?",Very widespread,4
France,Bisexual men,b1_a,"In your opinion, how widespread is offensive language about lesbian, gay, bisexual and/or transgender people by politicians in the country where you live?",Fairly widespread,24
France,Bisexual men,b1_a,"In your opinion, how widespread is offensive language about lesbian, gay, bisexual and/or transgender people by politicians in the country where you live?",Fairly rare,51
France,Bisexual men,b1_a,"In your opinion, how widespread is offensive language about lesbian, gay, bisexual and/or transgender people by politicians in the country where you live?",Very rare,18
France,Bisexual men,b1_a,"In your opinion, how widespread is offensive language about lesbian, gay, bisexual and/or transgender people by politicians in the country where you live?",Don`t know,3
France,Transgender,b1_a,"In your opinion, how widespread is offensive language about lesbian, gay, bisexual and/or transgender people by politicians in the country where you live?",Very widespread,11
France,Transgender,b1_a,"In your opinion, how widespread is offensive language about lesbian, gay, bisexual and/or transgender people by politicians in the country where you live?",Fairly widespread,33
France,Transgender,b1_a,"In your opinion, how widespread is offensive language about lesbian, gay, bisexual and/or transgender people by politicians in the country where you live?",Fairly rare,41
France,Transgender,b1_a,"In your opinion, how widespread is offensive language about lesbian, gay, bisexual and/or transgender people by politicians in the country where you live?",Very rare,11
France,Transgender,b1_a,"In your opinion, how widespread is offensive language about lesbian, gay, bisexual and/or transgender people by politicians in the country where you live?",Don`t know,4
Croatia,Lesbian,b1_a,"In your opinion, how widespread is offensive language about lesbian, gay, bisexual and/or transgender people by politicians in the country where you live?",Very widespread,34
Croatia,Lesbian,b1_a,"In your opinion, how widespread is offensive language about lesbian, gay, bisexual and/or transgender people by politicians in the country where you live?",Fairly widespread,47
Croatia,Lesbian,b1_a,"In your opinion, how widespread is offensive language about lesbian, gay, bisexual and/or transgender people by politicians in the country where you live?",Fairly rare,17
Croatia,Lesbian,b1_a,"In your opinion, how widespread is offensive language about lesbian, gay, bisexual and/or transgender people by politicians in the country where you live?",Very rare,0
Croatia,Lesbian,b1_a,"In your opinion, how widespread is offensive language about lesbian, gay, bisexual and/or transgender people by politicians in the country where you live?",Don`t know,2
Croatia,Gay,b1_a,"In your opinion, how widespread is offensive language about lesbian, gay, bisexual and/or transgender people by politicians in the country where you live?",Very widespread,23
Croatia,Gay,b1_a,"In your opinion, how widespread is offensive language about lesbian, gay, bisexual and/or transgender people by politicians in the country where you live?",Fairly widespread,52
Croatia,Gay,b1_a,"In your opinion, how widespread is offensive language about lesbian, gay, bisexual and/or transgender people by politicians in the country where you live?",Fairly rare,20
Croatia,Gay,b1_a,"In your opinion, how widespread is offensive language about lesbian, gay, bisexual and/or transgender people by politicians in the country where you live?",Very rare,4
Croatia,Gay,b1_a,"In your opinion, how widespread is offensive language about lesbian, gay, bisexual and/or transgender people by politicians in the country where you live?",Don`t know,1
Croatia,Bisexual women,b1_a,"In your opinion, how widespread is offensive language about lesbian, gay, bisexual and/or transgender people by politicians in the country where you live?",Very widespread,34
Croatia,Bisexual women,b1_a,"In your opinion, how widespread is offensive language about lesbian, gay, bisexual and/or transgender people by politicians in the country where you live?",Fairly widespread,49
Croatia,Bisexual women,b1_a,"In your opinion, how widespread is offensive language about lesbian, gay, bisexual and/or transgender people by politicians in the country where you live?",Fairly rare,11
Croatia,Bisexual women,b1_a,"In your opinion, how widespread is offensive language about lesbian, gay, bisexual and/or transgender people by politicians in the country where you live?",Very rare,2
Croatia,Bisexual women,b1_a,"In your opinion, how widespread is offensive language about lesbian, gay, bisexual and/or transgender people by politicians in the country where you live?",Don`t know,3
Croatia,Bisexual men,b1_a,"In your opinion, how widespread is offensive language about lesbian, gay, bisexual and/or transgender people by politicians in the country where you live?",Very widespread,22
Croatia,Bisexual men,b1_a,"In your opinion, how widespread is offensive language about lesbian, gay, bisexual and/or transgender people by politicians in the country where you live?",Fairly widespread,50
Croatia,Bisexual men,b1_a,"In your opinion, how widespread is offensive language about lesbian, gay, bisexual and/or transgender people by politicians in the country where you live?",Fairly rare,24
Croatia,Bisexual men,b1_a,"In your opinion, how widespread is offensive language about lesbian, gay, bisexual and/or transgender people by politicians in the country where you live?",Very rare,3
Croatia,Bisexual men,b1_a,"In your opinion, how widespread is offensive language about lesbian, gay, bisexual and/or transgender people by politicians in the country where you live?",Don`t know,1
Croatia,Transgender,b1_a,"In your opinion, how widespread is offensive language about lesbian, gay, bisexual and/or transgender people by politicians in the country where you live?",Very widespread,29
Croatia,Transgender,b1_a,"In your opinion, how widespread is offensive language about lesbian, gay, bisexual and/or transgender people by politicians in the country where you live?",Fairly widespread,46
Croatia,Transgender,b1_a,"In your opinion, how widespread is offensive language about lesbian, gay, bisexual and/or transgender people by politicians in the country where you live?",Fairly rare,16
Croatia,Transgender,b1_a,"In your opinion, how widespread is offensive language about lesbian, gay, bisexual and/or transgender people by politicians in the country where you live?",Very rare,6
Croatia,Transgender,b1_a,"In your opinion, how widespread is offensive language about lesbian, gay, bisexual and/or transgender people by politicians in the country where you live?",Don`t know,4
Hungary,Lesbian,b1_a,"In your opinion, how widespread is offensive language about lesbian, gay, bisexual and/or transgender people by politicians in the country where you live?",Very widespread,32
Hungary,Lesbian,b1_a,"In your opinion, how widespread is offensive language about lesbian, gay, bisexual and/or transgender people by politicians in the country where you live?",Fairly widespread,43
Hungary,Lesbian,b1_a,"In your opinion, how widespread is offensive language about lesbian, gay, bisexual and/or transgender people by politicians in the country where you live?",Fairly rare,18
Hungary,Lesbian,b1_a,"In your opinion, how widespread is offensive language about lesbian, gay, bisexual and/or transgender people by politicians in the country where you live?",Very rare,2
Hungary,Lesbian,b1_a,"In your opinion, how widespread is offensive language about lesbian, gay, bisexual and/or transgender people by politicians in the country where you live?",Don`t know,5
Hungary,Gay,b1_a,"In your opinion, how widespread is offensive language about lesbian, gay, bisexual and/or transgender people by politicians in the country where you live?",Very widespread,24
Hungary,Gay,b1_a,"In your opinion, how widespread is offensive language about lesbian, gay, bisexual and/or transgender people by politicians in the country where you live?",Fairly widespread,45
Hungary,Gay,b1_a,"In your opinion, how widespread is offensive language about lesbian, gay, bisexual and/or transgender people by politicians in the country where you live?",Fairly rare,22
Hungary,Gay,b1_a,"In your opinion, how widespread is offensive language about lesbian, gay, bisexual and/or transgender people by politicians in the country where you live?",Very rare,4
Hungary,Gay,b1_a,"In your opinion, how widespread is offensive language about lesbian, gay, bisexual and/or transgender people by politicians in the country where you live?",Don`t know,5
Hungary,Bisexual women,b1_a,"In your opinion, how widespread is offensive language about lesbian, gay, bisexual and/or transgender people by politicians in the country where you live?",Very widespread,19
Hungary,Bisexual women,b1_a,"In your opinion, how widespread is offensive language about lesbian, gay, bisexual and/or transgender people by politicians in the country where you live?",Fairly widespread,44
Hungary,Bisexual women,b1_a,"In your opinion, how widespread is offensive language about lesbian, gay, bisexual and/or transgender people by politicians in the country where you live?",Fairly rare,22
Hungary,Bisexual women,b1_a,"In your opinion, how widespread is offensive language about lesbian, gay, bisexual and/or transgender people by politicians in the country where you live?",Very rare,4
Hungary,Bisexual women,b1_a,"In your opinion, how widespread is offensive language about lesbian, gay, bisexual and/or transgender people by politicians in the country where you live?",Don`t know,11
Hungary,Bisexual men,b1_a,"In your opinion, how widespread is offensive language about lesbian, gay, bisexual and/or transgender people by politicians in the country where you live?",Very widespread,15
Hungary,Bisexual men,b1_a,"In your opinion, how widespread is offensive language about lesbian, gay, bisexual and/or transgender people by politicians in the country where you live?",Fairly widespread,43
Hungary,Bisexual men,b1_a,"In your opinion, how widespread is offensive language about lesbian, gay, bisexual and/or transgender people by politicians in the country where you live?",Fairly rare,26
Hungary,Bisexual men,b1_a,"In your opinion, how widespread is offensive language about lesbian, gay, bisexual and/or transgender people by politicians in the country where you live?",Very rare,11
Hungary,Bisexual men,b1_a,"In your opinion, how widespread is offensive language about lesbian, gay, bisexual and/or transgender people by politicians in the country where you live?",Don`t know,6
Hungary,Transgender,b1_a,"In your opinion, how widespread is offensive language about lesbian, gay, bisexual and/or transgender people by politicians in the country where you live?",Very widespread,19
Hungary,Transgender,b1_a,"In your opinion, how widespread is offensive language about lesbian, gay, bisexual and/or transgender people by politicians in the country where you live?",Fairly widespread,44
Hungary,Transgender,b1_a,"In your opinion, how widespread is offensive language about lesbian, gay, bisexual and/or transgender people by politicians in the country where you live?",Fairly rare,27
Hungary,Transgender,b1_a,"In your opinion, how widespread is offensive language about lesbian, gay, bisexual and/or transgender people by politicians in the country where you live?",Very rare,5
Hungary,Transgender,b1_a,"In your opinion, how widespread is offensive language about lesbian, gay, bisexual and/or transgender people by politicians in the country where you live?",Don`t know,5
Ireland,Lesbian,b1_a,"In your opinion, how widespread is offensive language about lesbian, gay, bisexual and/or transgender people by politicians in the country where you live?",Very widespread,8
Ireland,Lesbian,b1_a,"In your opinion, how widespread is offensive language about lesbian, gay, bisexual and/or transgender people by politicians in the country where you live?",Fairly widespread,23
Ireland,Lesbian,b1_a,"In your opinion, how widespread is offensive language about lesbian, gay, bisexual and/or transgender people by politicians in the country where you live?",Fairly rare,47
Ireland,Lesbian,b1_a,"In your opinion, how widespread is offensive language about lesbian, gay, bisexual and/or transgender people by politicians in the country where you live?",Very rare,17
Ireland,Lesbian,b1_a,"In your opinion, how widespread is offensive language about lesbian, gay, bisexual and/or transgender people by politicians in the country where you live?",Don`t know,5
Ireland,Gay,b1_a,"In your opinion, how widespread is offensive language about lesbian, gay, bisexual and/or transgender people by politicians in the country where you live?",Very widespread,5
Ireland,Gay,b1_a,"In your opinion, how widespread is offensive language about lesbian, gay, bisexual and/or transgender people by politicians in the country where you live?",Fairly widespread,17
Ireland,Gay,b1_a,"In your opinion, how widespread is offensive language about lesbian, gay, bisexual and/or transgender people by politicians in the country where you live?",Fairly rare,45
Ireland,Gay,b1_a,"In your opinion, how widespread is offensive language about lesbian, gay, bisexual and/or transgender people by politicians in the country where you live?",Very rare,29
Ireland,Gay,b1_a,"In your opinion, how widespread is offensive language about lesbian, gay, bisexual and/or transgender people by politicians in the country where you live?",Don`t know,3
Ireland,Bisexual women,b1_a,"In your opinion, how widespread is offensive language about lesbian, gay, bisexual and/or transgender people by politicians in the country where you live?",Very widespread,8
Ireland,Bisexual women,b1_a,"In your opinion, how widespread is offensive language about lesbian, gay, bisexual and/or transgender people by politicians in the country where you live?",Fairly widespread,25
Ireland,Bisexual women,b1_a,"In your opinion, how widespread is offensive language about lesbian, gay, bisexual and/or transgender people by politicians in the country where you live?",Fairly rare,52
Ireland,Bisexual women,b1_a,"In your opinion, how widespread is offensive language about lesbian, gay, bisexual and/or transgender people by politicians in the country where you live?",Very rare,7
Ireland,Bisexual women,b1_a,"In your opinion, how widespread is offensive language about lesbian, gay, bisexual and/or transgender people by politicians in the country where you live?",Don`t know,8
Ireland,Bisexual men,b1_a,"In your opinion, how widespread is offensive language about lesbian, gay, bisexual and/or transgender people by politicians in the country where you live?",Very widespread,5
Ireland,Bisexual men,b1_a,"In your opinion, how widespread is offensive language about lesbian, gay, bisexual and/or transgender people by politicians in the country where you live?",Fairly widespread,24
Ireland,Bisexual men,b1_a,"In your opinion, how widespread is offensive language about lesbian, gay, bisexual and/or transgender people by politicians in the country where you live?",Fairly rare,48
Ireland,Bisexual men,b1_a,"In your opinion, how widespread is offensive language about lesbian, gay, bisexual and/or transgender people by politicians in the country where you live?",Very rare,19
Ireland,Bisexual men,b1_a,"In your opinion, how widespread is offensive language about lesbian, gay, bisexual and/or transgender people by politicians in the country where you live?",Don`t know,3
Ireland,Transgender,b1_a,"In your opinion, how widespread is offensive language about lesbian, gay, bisexual and/or transgender people by politicians in the country where you live?",Very widespread,7
Ireland,Transgender,b1_a,"In your opinion, how widespread is offensive language about lesbian, gay, bisexual and/or transgender people by politicians in the country where you live?",Fairly widespread,29
Ireland,Transgender,b1_a,"In your opinion, how widespread is offensive language about lesbian, gay, bisexual and/or transgender people by politicians in the country where you live?",Fairly rare,41
Ireland,Transgender,b1_a,"In your opinion, how widespread is offensive language about lesbian, gay, bisexual and/or transgender people by politicians in the country where you live?",Very rare,15
Ireland,Transgender,b1_a,"In your opinion, how widespread is offensive language about lesbian, gay, bisexual and/or transgender people by politicians in the country where you live?",Don`t know,8
Italy,Lesbian,b1_a,"In your opinion, how widespread is offensive language about lesbian, gay, bisexual and/or transgender people by politicians in the country where you live?",Very widespread,63
Italy,Lesbian,b1_a,"In your opinion, how widespread is offensive language about lesbian, gay, bisexual and/or transgender people by politicians in the country where you live?",Fairly widespread,33
Italy,Lesbian,b1_a,"In your opinion, how widespread is offensive language about lesbian, gay, bisexual and/or transgender people by politicians in the country where you live?",Fairly rare,3
Italy,Lesbian,b1_a,"In your opinion, how widespread is offensive language about lesbian, gay, bisexual and/or transgender people by politicians in the country where you live?",Very rare,0
Italy,Lesbian,b1_a,"In your opinion, how widespread is offensive language about lesbian, gay, bisexual and/or transgender people by politicians in the country where you live?",Don`t know,1
Italy,Gay,b1_a,"In your opinion, how widespread is offensive language about lesbian, gay, bisexual and/or transgender people by politicians in the country where you live?",Very widespread,49
Italy,Gay,b1_a,"In your opinion, how widespread is offensive language about lesbian, gay, bisexual and/or transgender people by politicians in the country where you live?",Fairly widespread,42
Italy,Gay,b1_a,"In your opinion, how widespread is offensive language about lesbian, gay, bisexual and/or transgender people by politicians in the country where you live?",Fairly rare,8
Italy,Gay,b1_a,"In your opinion, how widespread is offensive language about lesbian, gay, bisexual and/or transgender people by politicians in the country where you live?",Very rare,1
Italy,Gay,b1_a,"In your opinion, how widespread is offensive language about lesbian, gay, bisexual and/or transgender people by politicians in the country where you live?",Don`t know,1
Italy,Bisexual women,b1_a,"In your opinion, how widespread is offensive language about lesbian, gay, bisexual and/or transgender people by politicians in the country where you live?",Very widespread,51
Italy,Bisexual women,b1_a,"In your opinion, how widespread is offensive language about lesbian, gay, bisexual and/or transgender people by politicians in the country where you live?",Fairly widespread,42
Italy,Bisexual women,b1_a,"In your opinion, how widespread is offensive language about lesbian, gay, bisexual and/or transgender people by politicians in the country where you live?",Fairly rare,5
Italy,Bisexual women,b1_a,"In your opinion, how widespread is offensive language about lesbian, gay, bisexual and/or transgender people by politicians in the country where you live?",Very rare,1
Italy,Bisexual women,b1_a,"In your opinion, how widespread is offensive language about lesbian, gay, bisexual and/or transgender people by politicians in the country where you live?",Don`t know,2
Italy,Bisexual men,b1_a,"In your opinion, how widespread is offensive language about lesbian, gay, bisexual and/or transgender people by politicians in the country where you live?",Very widespread,39
Italy,Bisexual men,b1_a,"In your opinion, how widespread is offensive language about lesbian, gay, bisexual and/or transgender people by politicians in the country where you live?",Fairly widespread,44
Italy,Bisexual men,b1_a,"In your opinion, how widespread is offensive language about lesbian, gay, bisexual and/or transgender people by politicians in the country where you live?",Fairly rare,13
Italy,Bisexual men,b1_a,"In your opinion, how widespread is offensive language about lesbian, gay, bisexual and/or transgender people by politicians in the country where you live?",Very rare,3
Italy,Bisexual men,b1_a,"In your opinion, how widespread is offensive language about lesbian, gay, bisexual and/or transgender people by politicians in the country where you live?",Don`t know,2
Italy,Transgender,b1_a,"In your opinion, how widespread is offensive language about lesbian, gay, bisexual and/or transgender people by politicians in the country where you live?",Very widespread,48
Italy,Transgender,b1_a,"In your opinion, how widespread is offensive language about lesbian, gay, bisexual and/or transgender people by politicians in the country where you live?",Fairly widespread,42
Italy,Transgender,b1_a,"In your opinion, how widespread is offensive language about lesbian, gay, bisexual and/or transgender people by politicians in the country where you live?",Fairly rare,8
Italy,Transgender,b1_a,"In your opinion, how widespread is offensive language about lesbian, gay, bisexual and/or transgender people by politicians in the country where you live?",Very rare,2
Italy,Transgender,b1_a,"In your opinion, how widespread is offensive language about lesbian, gay, bisexual and/or transgender people by politicians in the country where you live?",Don`t know,1
Lithuania,Lesbian,b1_a,"In your opinion, how widespread is offensive language about lesbian, gay, bisexual and/or transgender people by politicians in the country where you live?",Very widespread,60
Lithuania,Lesbian,b1_a,"In your opinion, how widespread is offensive language about lesbian, gay, bisexual and/or transgender people by politicians in the country where you live?",Fairly widespread,32
Lithuania,Lesbian,b1_a,"In your opinion, how widespread is offensive language about lesbian, gay, bisexual and/or transgender people by politicians in the country where you live?",Fairly rare,3
Lithuania,Lesbian,b1_a,"In your opinion, how widespread is offensive language about lesbian, gay, bisexual and/or transgender people by politicians in the country where you live?",Very rare,2
Lithuania,Lesbian,b1_a,"In your opinion, how widespread is offensive language about lesbian, gay, bisexual and/or transgender people by politicians in the country where you live?",Don`t know,3
Lithuania,Gay,b1_a,"In your opinion, how widespread is offensive language about lesbian, gay, bisexual and/or transgender people by politicians in the country where you live?",Very widespread,59
Lithuania,Gay,b1_a,"In your opinion, how widespread is offensive language about lesbian, gay, bisexual and/or transgender people by politicians in the country where you live?",Fairly widespread,35
Lithuania,Gay,b1_a,"In your opinion, how widespread is offensive language about lesbian, gay, bisexual and/or transgender people by politicians in the country where you live?",Fairly rare,5
Lithuania,Gay,b1_a,"In your opinion, how widespread is offensive language about lesbian, gay, bisexual and/or transgender people by politicians in the country where you live?",Very rare,0
Lithuania,Gay,b1_a,"In your opinion, how widespread is offensive language about lesbian, gay, bisexual and/or transgender people by politicians in the country where you live?",Don`t know,1
Lithuania,Bisexual women,b1_a,"In your opinion, how widespread is offensive language about lesbian, gay, bisexual and/or transgender people by politicians in the country where you live?",Very widespread,56
Lithuania,Bisexual women,b1_a,"In your opinion, how widespread is offensive language about lesbian, gay, bisexual and/or transgender people by politicians in the country where you live?",Fairly widespread,38
Lithuania,Bisexual women,b1_a,"In your opinion, how widespread is offensive language about lesbian, gay, bisexual and/or transgender people by politicians in the country where you live?",Fairly rare,1
Lithuania,Bisexual women,b1_a,"In your opinion, how widespread is offensive language about lesbian, gay, bisexual and/or transgender people by politicians in the country where you live?",Very rare,2
Lithuania,Bisexual women,b1_a,"In your opinion, how widespread is offensive language about lesbian, gay, bisexual and/or transgender people by politicians in the country where you live?",Don`t know,3
Lithuania,Bisexual men,b1_a,"In your opinion, how widespread is offensive language about lesbian, gay, bisexual and/or transgender people by politicians in the country where you live?",Very widespread,54
Lithuania,Bisexual men,b1_a,"In your opinion, how widespread is offensive language about lesbian, gay, bisexual and/or transgender people by politicians in the country where you live?",Fairly widespread,32
Lithuania,Bisexual men,b1_a,"In your opinion, how widespread is offensive language about lesbian, gay, bisexual and/or transgender people by politicians in the country where you live?",Fairly rare,8
Lithuania,Bisexual men,b1_a,"In your opinion, how widespread is offensive language about lesbian, gay, bisexual and/or transgender people by politicians in the country where you live?",Very rare,2
Lithuania,Bisexual men,b1_a,"In your opinion, how widespread is offensive language about lesbian, gay, bisexual and/or transgender people by politicians in the country where you live?",Don`t know,5
Lithuania,Transgender,b1_a,"In your opinion, how widespread is offensive language about lesbian, gay, bisexual and/or transgender people by politicians in the country where you live?",Very widespread,55
Lithuania,Transgender,b1_a,"In your opinion, how widespread is offensive language about lesbian, gay, bisexual and/or transgender people by politicians in the country where you live?",Fairly widespread,38
Lithuania,Transgender,b1_a,"In your opinion, how widespread is offensive language about lesbian, gay, bisexual and/or transgender people by politicians in the country where you live?",Fairly rare,2
Lithuania,Transgender,b1_a,"In your opinion, how widespread is offensive language about lesbian, gay, bisexual and/or transgender people by politicians in the country where you live?",Very rare,2
Lithuania,Transgender,b1_a,"In your opinion, how widespread is offensive language about lesbian, gay, bisexual and/or transgender people by politicians in the country where you live?",Don`t know,2
Luxembourg,Lesbian,b1_a,"In your opinion, how widespread is offensive language about lesbian, gay, bisexual and/or transgender people by politicians in the country where you live?",Very widespread,0
Luxembourg,Lesbian,b1_a,"In your opinion, how widespread is offensive language about lesbian, gay, bisexual and/or transgender people by politicians in the country where you live?",Fairly widespread,20
Luxembourg,Lesbian,b1_a,"In your opinion, how widespread is offensive language about lesbian, gay, bisexual and/or transgender people by politicians in the country where you live?",Fairly rare,43
Luxembourg,Lesbian,b1_a,"In your opinion, how widespread is offensive language about lesbian, gay, bisexual and/or transgender people by politicians in the country where you live?",Very rare,24
Luxembourg,Lesbian,b1_a,"In your opinion, how widespread is offensive language about lesbian, gay, bisexual and/or transgender people by politicians in the country where you live?",Don`t know,14
Luxembourg,Gay,b1_a,"In your opinion, how widespread is offensive language about lesbian, gay, bisexual and/or transgender people by politicians in the country where you live?",Very widespread,0
Luxembourg,Gay,b1_a,"In your opinion, how widespread is offensive language about lesbian, gay, bisexual and/or transgender people by politicians in the country where you live?",Fairly widespread,5
Luxembourg,Gay,b1_a,"In your opinion, how widespread is offensive language about lesbian, gay, bisexual and/or transgender people by politicians in the country where you live?",Fairly rare,36
Luxembourg,Gay,b1_a,"In your opinion, how widespread is offensive language about lesbian, gay, bisexual and/or transgender people by politicians in the country where you live?",Very rare,55
Luxembourg,Gay,b1_a,"In your opinion, how widespread is offensive language about lesbian, gay, bisexual and/or transgender people by politicians in the country where you live?",Don`t know,4
Luxembourg,Bisexual women,b1_a,"In your opinion, how widespread is offensive language about lesbian, gay, bisexual and/or transgender people by politicians in the country where you live?",Very widespread,:
Luxembourg,Bisexual women,b1_a,"In your opinion, how widespread is offensive language about lesbian, gay, bisexual and/or transgender people by politicians in the country where you live?",Fairly widespread,:
Luxembourg,Bisexual women,b1_a,"In your opinion, how widespread is offensive language about lesbian, gay, bisexual and/or transgender people by politicians in the country where you live?",Fairly rare,:
Luxembourg,Bisexual women,b1_a,"In your opinion, how widespread is offensive language about lesbian, gay, bisexual and/or transgender people by politicians in the country where you live?",Very rare,:
Luxembourg,Bisexual women,b1_a,"In your opinion, how widespread is offensive language about lesbian, gay, bisexual and/or transgender people by politicians in the country where you live?",Don`t know,:
Luxembourg,Bisexual men,b1_a,"In your opinion, how widespread is offensive language about lesbian, gay, bisexual and/or transgender people by politicians in the country where you live?",Very widespread,4
Luxembourg,Bisexual men,b1_a,"In your opinion, how widespread is offensive language about lesbian, gay, bisexual and/or transgender people by politicians in the country where you live?",Fairly widespread,12
Luxembourg,Bisexual men,b1_a,"In your opinion, how widespread is offensive language about lesbian, gay, bisexual and/or transgender people by politicians in the country where you live?",Fairly rare,38
Luxembourg,Bisexual men,b1_a,"In your opinion, how widespread is offensive language about lesbian, gay, bisexual and/or transgender people by politicians in the country where you live?",Very rare,42
Luxembourg,Bisexual men,b1_a,"In your opinion, how widespread is offensive language about lesbian, gay, bisexual and/or transgender people by politicians in the country where you live?",Don`t know,4
Luxembourg,Transgender,b1_a,"In your opinion, how widespread is offensive language about lesbian, gay, bisexual and/or transgender people by politicians in the country where you live?",Very widespread,8
Luxembourg,Transgender,b1_a,"In your opinion, how widespread is offensive language about lesbian, gay, bisexual and/or transgender people by politicians in the country where you live?",Fairly widespread,21
Luxembourg,Transgender,b1_a,"In your opinion, how widespread is offensive language about lesbian, gay, bisexual and/or transgender people by politicians in the country where you live?",Fairly rare,21
Luxembourg,Transgender,b1_a,"In your opinion, how widespread is offensive language about lesbian, gay, bisexual and/or transgender people by politicians in the country where you live?",Very rare,37
Luxembourg,Transgender,b1_a,"In your opinion, how widespread is offensive language about lesbian, gay, bisexual and/or transgender people by politicians in the country where you live?",Don`t know,13
Latvia,Lesbian,b1_a,"In your opinion, how widespread is offensive language about lesbian, gay, bisexual and/or transgender people by politicians in the country where you live?",Very widespread,36
Latvia,Lesbian,b1_a,"In your opinion, how widespread is offensive language about lesbian, gay, bisexual and/or transgender people by politicians in the country where you live?",Fairly widespread,37
Latvia,Lesbian,b1_a,"In your opinion, how widespread is offensive language about lesbian, gay, bisexual and/or transgender people by politicians in the country where you live?",Fairly rare,19
Latvia,Lesbian,b1_a,"In your opinion, how widespread is offensive language about lesbian, gay, bisexual and/or transgender people by politicians in the country where you live?",Very rare,3
Latvia,Lesbian,b1_a,"In your opinion, how widespread is offensive language about lesbian, gay, bisexual and/or transgender people by politicians in the country where you live?",Don`t know,5
Latvia,Gay,b1_a,"In your opinion, how widespread is offensive language about lesbian, gay, bisexual and/or transgender people by politicians in the country where you live?",Very widespread,34
Latvia,Gay,b1_a,"In your opinion, how widespread is offensive language about lesbian, gay, bisexual and/or transgender people by politicians in the country where you live?",Fairly widespread,46
Latvia,Gay,b1_a,"In your opinion, how widespread is offensive language about lesbian, gay, bisexual and/or transgender people by politicians in the country where you live?",Fairly rare,16
Latvia,Gay,b1_a,"In your opinion, how widespread is offensive language about lesbian, gay, bisexual and/or transgender people by politicians in the country where you live?",Very rare,2
Latvia,Gay,b1_a,"In your opinion, how widespread is offensive language about lesbian, gay, bisexual and/or transgender people by politicians in the country where you live?",Don`t know,2
Latvia,Bisexual women,b1_a,"In your opinion, how widespread is offensive language about lesbian, gay, bisexual and/or transgender people by politicians in the country where you live?",Very widespread,30
Latvia,Bisexual women,b1_a,"In your opinion, how widespread is offensive language about lesbian, gay, bisexual and/or transgender people by politicians in the country where you live?",Fairly widespread,45
Latvia,Bisexual women,b1_a,"In your opinion, how widespread is offensive language about lesbian, gay, bisexual and/or transgender people by politicians in the country where you live?",Fairly rare,17
Latvia,Bisexual women,b1_a,"In your opinion, how widespread is offensive language about lesbian, gay, bisexual and/or transgender people by politicians in the country where you live?",Very rare,4
Latvia,Bisexual women,b1_a,"In your opinion, how widespread is offensive language about lesbian, gay, bisexual and/or transgender people by politicians in the country where you live?",Don`t know,5
Latvia,Bisexual men,b1_a,"In your opinion, how widespread is offensive language about lesbian, gay, bisexual and/or transgender people by politicians in the country where you live?",Very widespread,14
Latvia,Bisexual men,b1_a,"In your opinion, how widespread is offensive language about lesbian, gay, bisexual and/or transgender people by politicians in the country where you live?",Fairly widespread,64
Latvia,Bisexual men,b1_a,"In your opinion, how widespread is offensive language about lesbian, gay, bisexual and/or transgender people by politicians in the country where you live?",Fairly rare,18
Latvia,Bisexual men,b1_a,"In your opinion, how widespread is offensive language about lesbian, gay, bisexual and/or transgender people by politicians in the country where you live?",Very rare,5
Latvia,Bisexual men,b1_a,"In your opinion, how widespread is offensive language about lesbian, gay, bisexual and/or transgender people by politicians in the country where you live?",Don`t know,0
Latvia,Transgender,b1_a,"In your opinion, how widespread is offensive language about lesbian, gay, bisexual and/or transgender people by politicians in the country where you live?",Very widespread,24
Latvia,Transgender,b1_a,"In your opinion, how widespread is offensive language about lesbian, gay, bisexual and/or transgender people by politicians in the country where you live?",Fairly widespread,46
Latvia,Transgender,b1_a,"In your opinion, how widespread is offensive language about lesbian, gay, bisexual and/or transgender people by politicians in the country where you live?",Fairly rare,22
Latvia,Transgender,b1_a,"In your opinion, how widespread is offensive language about lesbian, gay, bisexual and/or transgender people by politicians in the country where you live?",Very rare,4
Latvia,Transgender,b1_a,"In your opinion, how widespread is offensive language about lesbian, gay, bisexual and/or transgender people by politicians in the country where you live?",Don`t know,4
Malta,Lesbian,b1_a,"In your opinion, how widespread is offensive language about lesbian, gay, bisexual and/or transgender people by politicians in the country where you live?",Very widespread,24
Malta,Lesbian,b1_a,"In your opinion, how widespread is offensive language about lesbian, gay, bisexual and/or transgender people by politicians in the country where you live?",Fairly widespread,26
Malta,Lesbian,b1_a,"In your opinion, how widespread is offensive language about lesbian, gay, bisexual and/or transgender people by politicians in the country where you live?",Fairly rare,34
Malta,Lesbian,b1_a,"In your opinion, how widespread is offensive language about lesbian, gay, bisexual and/or transgender people by politicians in the country where you live?",Very rare,12
Malta,Lesbian,b1_a,"In your opinion, how widespread is offensive language about lesbian, gay, bisexual and/or transgender people by politicians in the country where you live?",Don`t know,5
Malta,Gay,b1_a,"In your opinion, how widespread is offensive language about lesbian, gay, bisexual and/or transgender people by politicians in the country where you live?",Very widespread,16
Malta,Gay,b1_a,"In your opinion, how widespread is offensive language about lesbian, gay, bisexual and/or transgender people by politicians in the country where you live?",Fairly widespread,26
Malta,Gay,b1_a,"In your opinion, how widespread is offensive language about lesbian, gay, bisexual and/or transgender people by politicians in the country where you live?",Fairly rare,36
Malta,Gay,b1_a,"In your opinion, how widespread is offensive language about lesbian, gay, bisexual and/or transgender people by politicians in the country where you live?",Very rare,17
Malta,Gay,b1_a,"In your opinion, how widespread is offensive language about lesbian, gay, bisexual and/or transgender people by politicians in the country where you live?",Don`t know,6
Malta,Bisexual women,b1_a,"In your opinion, how widespread is offensive language about lesbian, gay, bisexual and/or transgender people by politicians in the country where you live?",Very widespread,18
Malta,Bisexual women,b1_a,"In your opinion, how widespread is offensive language about lesbian, gay, bisexual and/or transgender people by politicians in the country where you live?",Fairly widespread,15
Malta,Bisexual women,b1_a,"In your opinion, how widespread is offensive language about lesbian, gay, bisexual and/or transgender people by politicians in the country where you live?",Fairly rare,42
Malta,Bisexual women,b1_a,"In your opinion, how widespread is offensive language about lesbian, gay, bisexual and/or transgender people by politicians in the country where you live?",Very rare,20
Malta,Bisexual women,b1_a,"In your opinion, how widespread is offensive language about lesbian, gay, bisexual and/or transgender people by politicians in the country where you live?",Don`t know,5
Malta,Bisexual men,b1_a,"In your opinion, how widespread is offensive language about lesbian, gay, bisexual and/or transgender people by politicians in the country where you live?",Very widespread,:
Malta,Bisexual men,b1_a,"In your opinion, how widespread is offensive language about lesbian, gay, bisexual and/or transgender people by politicians in the country where you live?",Fairly widespread,:
Malta,Bisexual men,b1_a,"In your opinion, how widespread is offensive language about lesbian, gay, bisexual and/or transgender people by politicians in the country where you live?",Fairly rare,:
Malta,Bisexual men,b1_a,"In your opinion, how widespread is offensive language about lesbian, gay, bisexual and/or transgender people by politicians in the country where you live?",Very rare,:
Malta,Bisexual men,b1_a,"In your opinion, how widespread is offensive language about lesbian, gay, bisexual and/or transgender people by politicians in the country where you live?",Don`t know,:
Malta,Transgender,b1_a,"In your opinion, how widespread is offensive language about lesbian, gay, bisexual and/or transgender people by politicians in the country where you live?",Very widespread,:
Malta,Transgender,b1_a,"In your opinion, how widespread is offensive language about lesbian, gay, bisexual and/or transgender people by politicians in the country where you live?",Fairly widespread,:
Malta,Transgender,b1_a,"In your opinion, how widespread is offensive language about lesbian, gay, bisexual and/or transgender people by politicians in the country where you live?",Fairly rare,:
Malta,Transgender,b1_a,"In your opinion, how widespread is offensive language about lesbian, gay, bisexual and/or transgender people by politicians in the country where you live?",Very rare,:
Malta,Transgender,b1_a,"In your opinion, how widespread is offensive language about lesbian, gay, bisexual and/or transgender people by politicians in the country where you live?",Don`t know,: